-- Initial Data Load Script
BEGIN;

INSERT INTO customer (customer_id, first_name, last_name, date_of_birth, address, city, state, zip_code, phone_number, email) VALUES (000000001, 'Immanuel', 'Kessler', '1961-06-08', '618 Deshaun Route', '', 'NC', '12546', '(908)119-8310', 'user000000001@example.com');
INSERT INTO customer (customer_id, first_name, last_name, date_of_birth, address, city, state, zip_code, phone_number, email) VALUES (000000002, 'Enrico', 'Rosenbaum', '1961-10-08', '4917 Myrna Flats', '', 'IN', '22770', '(429)706-9510', 'user000000002@example.com');
INSERT INTO customer (customer_id, first_name, last_name, date_of_birth, address, city, state, zip_code, phone_number, email) VALUES (000000003, 'Larry', 'Homenick', '1987-11-30', '362 Esta Parks', '', 'GA', '19852-6716', '(950)396-9024', 'user000000003@example.com');
INSERT INTO customer (customer_id, first_name, last_name, date_of_birth, address, city, state, zip_code, phone_number, email) VALUES (000000004, 'Delbert', 'Parisian', '1985-01-13', '638 Blanda Gateway', '', 'MI', '39035-0455', '(801)603-4121', 'user000000004@example.com');
INSERT INTO customer (customer_id, first_name, last_name, date_of_birth, address, city, state, zip_code, phone_number, email) VALUES (000000005, 'Treva', 'Schowalter', '1971-09-29', '5653 Legros Plaza', '', 'MI', '02251-1698', '(978)775-4633', 'user000000005@example.com');
INSERT INTO customer (customer_id, first_name, last_name, date_of_birth, address, city, state, zip_code, phone_number, email) VALUES (000000006, 'Ignacio', 'Douglas', '1994-11-29', '3963 Yasmin Port', '', 'VI', '46713-5148', '(277)743-4266', 'user000000006@example.com');
INSERT INTO customer (customer_id, first_name, last_name, date_of_birth, address, city, state, zip_code, phone_number, email) VALUES (000000007, 'Cooper', 'Mayert', '1977-05-06', '6490 Zakary Locks', '', 'AL', '34206-2974', '(698)282-4096', 'user000000007@example.com');
INSERT INTO customer (customer_id, first_name, last_name, date_of_birth, address, city, state, zip_code, phone_number, email) VALUES (000000008, 'Kelsie', 'Dicki', '1964-03-25', '0925 Welch Streets', '', 'SC', '27610', '(345)563-7159', 'user000000008@example.com');
INSERT INTO customer (customer_id, first_name, last_name, date_of_birth, address, city, state, zip_code, phone_number, email) VALUES (000000009, 'Melvin', 'Ondricka', '1975-11-07', '87893 Samson Flats', '', 'VI', '21113', '(035)456-1404', 'user000000009@example.com');
INSERT INTO customer (customer_id, first_name, last_name, date_of_birth, address, city, state, zip_code, phone_number, email) VALUES (000000010, 'Maybell', 'Mann', '1980-06-11', '77933 Adah Dale', '', 'CT', '44803-4279', '(614)594-2619', 'user000000010@example.com');
INSERT INTO customer (customer_id, first_name, last_name, date_of_birth, address, city, state, zip_code, phone_number, email) VALUES (000000011, 'Hayden', 'Pfannerstill', '1986-11-03', '14895 Everette Ridges', '', 'WA', '24984', '(002)533-6980', 'user000000011@example.com');
INSERT INTO customer (customer_id, first_name, last_name, date_of_birth, address, city, state, zip_code, phone_number, email) VALUES (000000012, 'Maci', 'Robel', '1984-02-18', '80501 Isac Cliffs', '', 'MN', '78861', '(584)045-5200', 'user000000012@example.com');
INSERT INTO customer (customer_id, first_name, last_name, date_of_birth, address, city, state, zip_code, phone_number, email) VALUES (000000013, 'Mariane', 'Fadel', '1999-03-09', '2689 Derick Mission', '', 'OR', '02322', '(875)943-7287', 'user000000013@example.com');
INSERT INTO customer (customer_id, first_name, last_name, date_of_birth, address, city, state, zip_code, phone_number, email) VALUES (000000014, 'Chelsea', 'Marks', '1974-11-29', '747 Dino Lodge', '', 'RI', '12914-8465', '(141)807-6571', 'user000000014@example.com');
INSERT INTO customer (customer_id, first_name, last_name, date_of_birth, address, city, state, zip_code, phone_number, email) VALUES (000000015, 'Aubree', 'Hermann', '1964-12-06', '36365 Ledner Drives', '', 'DE', '63205-7014', '(769)100-7971', 'user000000015@example.com');
INSERT INTO customer (customer_id, first_name, last_name, date_of_birth, address, city, state, zip_code, phone_number, email) VALUES (000000016, 'Carroll', 'Bergstrom', '1983-04-27', '06988 Thiel Falls', '', 'VT', '84390', '(631)343-8667', 'user000000016@example.com');
INSERT INTO customer (customer_id, first_name, last_name, date_of_birth, address, city, state, zip_code, phone_number, email) VALUES (000000017, 'Sigrid', 'Mann', '1979-01-26', '95666 Dare Isle', '', 'FM', '56181-0584', '(087)314-2070', 'user000000017@example.com');
INSERT INTO customer (customer_id, first_name, last_name, date_of_birth, address, city, state, zip_code, phone_number, email) VALUES (000000018, 'Emile', 'White', '1987-03-25', '133 Bergnaum Square', '', 'AP', '96003-5867', '(303)654-3323', 'user000000018@example.com');
INSERT INTO customer (customer_id, first_name, last_name, date_of_birth, address, city, state, zip_code, phone_number, email) VALUES (000000019, 'Hadley', 'Hamill', '1991-01-07', '6273 Ondricka Meadows', '', 'RI', '48161', '(817)452-4986', 'user000000019@example.com');
INSERT INTO customer (customer_id, first_name, last_name, date_of_birth, address, city, state, zip_code, phone_number, email) VALUES (000000020, 'Carter', 'Veum', '1996-04-14', '5845 Allison Valleys', '', 'MH', '72362', '(618)994-0531', 'user000000020@example.com');
INSERT INTO customer (customer_id, first_name, last_name, date_of_birth, address, city, state, zip_code, phone_number, email) VALUES (000000021, 'Jerrold', 'Maggio', '1977-11-15', '401 Haylie Crest', '', 'CA', '72407', '(399)526-3254', 'user000000021@example.com');
INSERT INTO customer (customer_id, first_name, last_name, date_of_birth, address, city, state, zip_code, phone_number, email) VALUES (000000022, 'Allene', 'Brown', '1994-02-20', '4467 Donnie Crossroad', '', 'MD', '01993-9116', '(231)251-5792', 'user000000022@example.com');
INSERT INTO customer (customer_id, first_name, last_name, date_of_birth, address, city, state, zip_code, phone_number, email) VALUES (000000023, 'Johnson', 'Ruecker', '1998-12-07', '2433 Jacobi Forks', '', 'KS', '78239-9466', '(981)873-1589', 'user000000023@example.com');
INSERT INTO customer (customer_id, first_name, last_name, date_of_birth, address, city, state, zip_code, phone_number, email) VALUES (000000024, 'Stefanie', 'Dickinson', '1996-01-24', '6367 Stracke River', '', 'KS', '15414', '(617)348-9142', 'user000000024@example.com');
INSERT INTO customer (customer_id, first_name, last_name, date_of_birth, address, city, state, zip_code, phone_number, email) VALUES (000000025, 'Elliott', 'Howell', '1989-03-27', '9524 McKenzie Lakes', '', 'NH', '75721-7382', '(092)336-8599', 'user000000025@example.com');
INSERT INTO customer (customer_id, first_name, last_name, date_of_birth, address, city, state, zip_code, phone_number, email) VALUES (000000026, 'Marjory', 'Stracke', '1990-03-17', '30161 Bogan Canyon', '', 'IL', '59945', '(584)772-2867', 'user000000026@example.com');
INSERT INTO customer (customer_id, first_name, last_name, date_of_birth, address, city, state, zip_code, phone_number, email) VALUES (000000027, 'Ward', 'Jones', '1986-11-08', '210 Amaya Turnpike', '', 'GU', '07923-8822', '(935)027-1145', 'user000000027@example.com');
INSERT INTO customer (customer_id, first_name, last_name, date_of_birth, address, city, state, zip_code, phone_number, email) VALUES (000000028, 'Hester', 'Hane', '1991-06-05', '06816 Ursula Meadows', '', 'AS', '77442-7954', '(122)357-7257', 'user000000028@example.com');
INSERT INTO customer (customer_id, first_name, last_name, date_of_birth, address, city, state, zip_code, phone_number, email) VALUES (000000029, 'Rickie', 'Daugherty', '1973-04-05', '676 Funk Curve', '', 'NH', '01226', '(418)291-9023', 'user000000029@example.com');
INSERT INTO customer (customer_id, first_name, last_name, date_of_birth, address, city, state, zip_code, phone_number, email) VALUES (000000030, 'Layla', 'Ullrich', '1965-11-28', '269 Eleazar Circle', '', 'AK', '64266', '(330)408-6966', 'user000000030@example.com');
INSERT INTO customer (customer_id, first_name, last_name, date_of_birth, address, city, state, zip_code, phone_number, email) VALUES (000000031, 'Lucious', 'O''Connell', '1976-08-03', '919 Swift Valleys', '', 'MS', '56133-5636', '(259)414-9625', 'user000000031@example.com');
INSERT INTO customer (customer_id, first_name, last_name, date_of_birth, address, city, state, zip_code, phone_number, email) VALUES (000000032, 'Stephany', 'Fisher', '1980-11-19', '63452 Kenny Streets', '', 'AK', '85943-7605', '(202)436-5156', 'user000000032@example.com');
INSERT INTO customer (customer_id, first_name, last_name, date_of_birth, address, city, state, zip_code, phone_number, email) VALUES (000000033, 'Bernice', 'Herman', '1988-05-19', '877 Kassandra Ranch', '', 'AR', '19113-4329', '(836)743-5487', 'user000000033@example.com');
INSERT INTO customer (customer_id, first_name, last_name, date_of_birth, address, city, state, zip_code, phone_number, email) VALUES (000000034, 'Faustino', 'Schmidt', '1994-03-21', '44132 Michel Square', '', 'ME', '49544-2869', '(179)036-5135', 'user000000034@example.com');
INSERT INTO customer (customer_id, first_name, last_name, date_of_birth, address, city, state, zip_code, phone_number, email) VALUES (000000035, 'Angelica', 'Dach', '1987-06-23', '396 Pearl Loop', '', 'LA', '46142', '(303)480-9098', 'user000000035@example.com');
INSERT INTO customer (customer_id, first_name, last_name, date_of_birth, address, city, state, zip_code, phone_number, email) VALUES (000000036, 'Toney', 'Gerhold', '1991-03-31', '35943 Raleigh Harbor', '', 'AL', '10932-0480', '(034)271-9180', 'user000000036@example.com');
INSERT INTO customer (customer_id, first_name, last_name, date_of_birth, address, city, state, zip_code, phone_number, email) VALUES (000000037, 'Shany', 'Walker', '1984-12-09', '91196 Heaney Turnpike', '', 'NV', '11857-8177', '(052)759-5167', 'user000000037@example.com');
INSERT INTO customer (customer_id, first_name, last_name, date_of_birth, address, city, state, zip_code, phone_number, email) VALUES (000000038, 'Angela', 'Ankunding', '1990-05-28', '65482 Zoila Skyway', '', 'VA', '63928-0008', '(316)640-2650', 'user000000038@example.com');
INSERT INTO customer (customer_id, first_name, last_name, date_of_birth, address, city, state, zip_code, phone_number, email) VALUES (000000039, 'Aliyah', 'Berge', '1972-08-26', '5761 Pasquale Trail', '', 'IA', '74267', '(089)096-3287', 'user000000039@example.com');
INSERT INTO customer (customer_id, first_name, last_name, date_of_birth, address, city, state, zip_code, phone_number, email) VALUES (000000040, 'Davon', 'Emmerich', '1992-01-26', '23499 Beer Views', '', 'TX', '87156-8689', '(463)762-3017', 'user000000040@example.com');
INSERT INTO customer (customer_id, first_name, last_name, date_of_birth, address, city, state, zip_code, phone_number, email) VALUES (000000041, 'Lucinda', 'Dach', '1967-02-20', '3220 Yolanda Corner', '', 'VT', '72971-7481', '(284)052-5831', 'user000000041@example.com');
INSERT INTO customer (customer_id, first_name, last_name, date_of_birth, address, city, state, zip_code, phone_number, email) VALUES (000000042, 'Heather', 'Nienow', '1964-11-03', '5523 Archibald Club', '', 'FM', '83589', '(640)954-4538', 'user000000042@example.com');
INSERT INTO customer (customer_id, first_name, last_name, date_of_birth, address, city, state, zip_code, phone_number, email) VALUES (000000043, 'Britney', 'Waters', '1966-10-16', '97765 Bernhard Fort', '', 'OK', '10050-7980', '(407)042-6952', 'user000000043@example.com');
INSERT INTO customer (customer_id, first_name, last_name, date_of_birth, address, city, state, zip_code, phone_number, email) VALUES (000000044, 'Irving', 'Emard', '1984-04-04', '978 Fatima Stream', '', 'ID', '05704-0501', '(703)484-5840', 'user000000044@example.com');
INSERT INTO customer (customer_id, first_name, last_name, date_of_birth, address, city, state, zip_code, phone_number, email) VALUES (000000045, 'Dixie', 'Beier', '2001-12-12', '441 Levi Prairie', '', 'NV', '09048', '(697)143-3221', 'user000000045@example.com');
INSERT INTO customer (customer_id, first_name, last_name, date_of_birth, address, city, state, zip_code, phone_number, email) VALUES (000000046, 'Cindy', 'Cremin', '1987-12-14', '494 Lang Avenue', '', 'PW', '63082-4520', '(358)349-2574', 'user000000046@example.com');
INSERT INTO customer (customer_id, first_name, last_name, date_of_birth, address, city, state, zip_code, phone_number, email) VALUES (000000047, 'Rigoberto', 'Hoeger', '1979-02-25', '00097 Gleichner Spur', '', 'GU', '31329-6973', '(946)322-6160', 'user000000047@example.com');
INSERT INTO customer (customer_id, first_name, last_name, date_of_birth, address, city, state, zip_code, phone_number, email) VALUES (000000048, 'Lyric', 'Pacocha', '1986-08-17', '453 Rosina Mountain', '', 'OR', '83985-4937', '(950)497-1005', 'user000000048@example.com');
INSERT INTO customer (customer_id, first_name, last_name, date_of_birth, address, city, state, zip_code, phone_number, email) VALUES (000000049, 'Immanuel', 'Bednar', '2000-01-05', '5423 Esther Locks', '', 'GA', '12288-3495', '(843)095-2553', 'user000000049@example.com');
INSERT INTO customer (customer_id, first_name, last_name, date_of_birth, address, city, state, zip_code, phone_number, email) VALUES (000000050, 'Aniya', 'Von', '1960-12-01', '1588 Nienow Cape', '', 'OR', '04257', '(325)301-0827', 'user000000050@example.com');
INSERT INTO account (account_id, customer_id, account_number, account_status, balance, credit_limit, open_date) VALUES (1, 1, '00000000001', 'ACTIVE', 194.0, 2020.0, '2014-11-20');
INSERT INTO account (account_id, customer_id, account_number, account_status, balance, credit_limit, open_date) VALUES (2, 2, '00000000002', 'ACTIVE', 158.0, 6130.0, '2013-06-19');
INSERT INTO account (account_id, customer_id, account_number, account_status, balance, credit_limit, open_date) VALUES (3, 3, '00000000003', 'ACTIVE', 147.0, 4909.0, '2013-08-23');
INSERT INTO account (account_id, customer_id, account_number, account_status, balance, credit_limit, open_date) VALUES (4, 4, '00000000004', 'ACTIVE', 40.0, 3503.0, '2012-11-17');
INSERT INTO account (account_id, customer_id, account_number, account_status, balance, credit_limit, open_date) VALUES (5, 5, '00000000005', 'ACTIVE', 345.0, 3819.0, '2012-10-03');
INSERT INTO account (account_id, customer_id, account_number, account_status, balance, credit_limit, open_date) VALUES (6, 6, '00000000006', 'ACTIVE', 218.0, 3584.0, '2017-12-23');
INSERT INTO account (account_id, customer_id, account_number, account_status, balance, credit_limit, open_date) VALUES (7, 7, '00000000007', 'ACTIVE', 193.0, 2065.0, '2012-10-12');
INSERT INTO account (account_id, customer_id, account_number, account_status, balance, credit_limit, open_date) VALUES (8, 8, '00000000008', 'ACTIVE', 605.0, 6104.0, '2012-01-04');
INSERT INTO account (account_id, customer_id, account_number, account_status, balance, credit_limit, open_date) VALUES (9, 9, '00000000009', 'ACTIVE', 560.0, 8201.0, '2016-08-27');
INSERT INTO account (account_id, customer_id, account_number, account_status, balance, credit_limit, open_date) VALUES (10, 10, '00000000010', 'ACTIVE', 159.0, 5401.0, '2015-09-13');
INSERT INTO account (account_id, customer_id, account_number, account_status, balance, credit_limit, open_date) VALUES (11, 11, '00000000011', 'ACTIVE', 212.0, 4998.0, '2014-09-12');
INSERT INTO account (account_id, customer_id, account_number, account_status, balance, credit_limit, open_date) VALUES (12, 12, '00000000012', 'ACTIVE', 176.0, 4636.0, '2009-06-17');
INSERT INTO account (account_id, customer_id, account_number, account_status, balance, credit_limit, open_date) VALUES (13, 13, '00000000013', 'ACTIVE', 41.0, 7542.0, '2017-10-01');
INSERT INTO account (account_id, customer_id, account_number, account_status, balance, credit_limit, open_date) VALUES (14, 14, '00000000014', 'ACTIVE', 15.0, 2254.0, '2010-12-04');
INSERT INTO account (account_id, customer_id, account_number, account_status, balance, credit_limit, open_date) VALUES (15, 15, '00000000015', 'ACTIVE', 489.0, 8441.0, '2009-10-06');
INSERT INTO account (account_id, customer_id, account_number, account_status, balance, credit_limit, open_date) VALUES (16, 16, '00000000016', 'ACTIVE', 733.0, 8922.0, '2014-09-11');
INSERT INTO account (account_id, customer_id, account_number, account_status, balance, credit_limit, open_date) VALUES (17, 17, '00000000017', 'ACTIVE', 33.0, 568.0, '2014-05-17');
INSERT INTO account (account_id, customer_id, account_number, account_status, balance, credit_limit, open_date) VALUES (18, 18, '00000000018', 'ACTIVE', 144.0, 2903.0, '2018-11-15');
INSERT INTO account (account_id, customer_id, account_number, account_status, balance, credit_limit, open_date) VALUES (19, 19, '00000000019', 'ACTIVE', 480.0, 6986.0, '2011-12-14');
INSERT INTO account (account_id, customer_id, account_number, account_status, balance, credit_limit, open_date) VALUES (20, 20, '00000000020', 'ACTIVE', 369.0, 3767.0, '2014-02-27');
INSERT INTO account (account_id, customer_id, account_number, account_status, balance, credit_limit, open_date) VALUES (21, 21, '00000000021', 'ACTIVE', 112.0, 1264.0, '2011-10-19');
INSERT INTO account (account_id, customer_id, account_number, account_status, balance, credit_limit, open_date) VALUES (22, 22, '00000000022', 'ACTIVE', 55.0, 8599.0, '2016-11-21');
INSERT INTO account (account_id, customer_id, account_number, account_status, balance, credit_limit, open_date) VALUES (23, 23, '00000000023', 'ACTIVE', 104.0, 3377.0, '2012-03-15');
INSERT INTO account (account_id, customer_id, account_number, account_status, balance, credit_limit, open_date) VALUES (24, 24, '00000000024', 'ACTIVE', 400.0, 5174.0, '2015-08-08');
INSERT INTO account (account_id, customer_id, account_number, account_status, balance, credit_limit, open_date) VALUES (25, 25, '00000000025', 'ACTIVE', 61.0, 8194.0, '2012-10-26');
INSERT INTO account (account_id, customer_id, account_number, account_status, balance, credit_limit, open_date) VALUES (26, 26, '00000000026', 'ACTIVE', 46.0, 2181.0, '2009-04-20');
INSERT INTO account (account_id, customer_id, account_number, account_status, balance, credit_limit, open_date) VALUES (27, 27, '00000000027', 'ACTIVE', 284.0, 5572.0, '2012-09-30');
INSERT INTO account (account_id, customer_id, account_number, account_status, balance, credit_limit, open_date) VALUES (28, 28, '00000000028', 'ACTIVE', 68.0, 868.0, '2015-05-20');
INSERT INTO account (account_id, customer_id, account_number, account_status, balance, credit_limit, open_date) VALUES (29, 29, '00000000029', 'ACTIVE', 339.0, 5511.0, '2015-11-03');
INSERT INTO account (account_id, customer_id, account_number, account_status, balance, credit_limit, open_date) VALUES (30, 30, '00000000030', 'ACTIVE', 2.0, 120.0, '2011-08-26');
INSERT INTO account (account_id, customer_id, account_number, account_status, balance, credit_limit, open_date) VALUES (31, 31, '00000000031', 'ACTIVE', 31.0, 1140.0, '2017-02-25');
INSERT INTO account (account_id, customer_id, account_number, account_status, balance, credit_limit, open_date) VALUES (32, 32, '00000000032', 'ACTIVE', 30.0, 1175.0, '2013-11-10');
INSERT INTO account (account_id, customer_id, account_number, account_status, balance, credit_limit, open_date) VALUES (33, 33, '00000000033', 'ACTIVE', 410.0, 6404.0, '2012-10-11');
INSERT INTO account (account_id, customer_id, account_number, account_status, balance, credit_limit, open_date) VALUES (34, 34, '00000000034', 'ACTIVE', 253.0, 3642.0, '2009-05-10');
INSERT INTO account (account_id, customer_id, account_number, account_status, balance, credit_limit, open_date) VALUES (35, 35, '00000000035', 'ACTIVE', 166.0, 1947.0, '2018-02-02');
INSERT INTO account (account_id, customer_id, account_number, account_status, balance, credit_limit, open_date) VALUES (36, 36, '00000000036', 'ACTIVE', 110.0, 3328.0, '2018-07-18');
INSERT INTO account (account_id, customer_id, account_number, account_status, balance, credit_limit, open_date) VALUES (37, 37, '00000000037', 'ACTIVE', 7.0, 446.0, '2016-09-10');
INSERT INTO account (account_id, customer_id, account_number, account_status, balance, credit_limit, open_date) VALUES (38, 38, '00000000038', 'ACTIVE', 612.0, 6505.0, '2010-08-12');
INSERT INTO account (account_id, customer_id, account_number, account_status, balance, credit_limit, open_date) VALUES (39, 39, '00000000039', 'ACTIVE', 843.0, 9750.0, '2018-08-26');
INSERT INTO account (account_id, customer_id, account_number, account_status, balance, credit_limit, open_date) VALUES (40, 40, '00000000040', 'ACTIVE', 43.0, 5823.0, '2010-02-13');
INSERT INTO account (account_id, customer_id, account_number, account_status, balance, credit_limit, open_date) VALUES (41, 41, '00000000041', 'ACTIVE', 375.0, 6721.0, '2015-02-07');
INSERT INTO account (account_id, customer_id, account_number, account_status, balance, credit_limit, open_date) VALUES (42, 42, '00000000042', 'ACTIVE', 302.0, 6563.0, '2016-09-19');
INSERT INTO account (account_id, customer_id, account_number, account_status, balance, credit_limit, open_date) VALUES (43, 43, '00000000043', 'ACTIVE', 610.0, 6168.0, '2012-04-09');
INSERT INTO account (account_id, customer_id, account_number, account_status, balance, credit_limit, open_date) VALUES (44, 44, '00000000044', 'ACTIVE', 263.0, 6899.0, '2018-12-01');
INSERT INTO account (account_id, customer_id, account_number, account_status, balance, credit_limit, open_date) VALUES (45, 45, '00000000045', 'ACTIVE', 186.0, 2719.0, '2010-12-31');
INSERT INTO account (account_id, customer_id, account_number, account_status, balance, credit_limit, open_date) VALUES (46, 46, '00000000046', 'ACTIVE', 396.0, 7007.0, '2013-09-06');
INSERT INTO account (account_id, customer_id, account_number, account_status, balance, credit_limit, open_date) VALUES (47, 47, '00000000047', 'ACTIVE', 32.0, 2338.0, '2014-04-03');
INSERT INTO account (account_id, customer_id, account_number, account_status, balance, credit_limit, open_date) VALUES (48, 48, '00000000048', 'ACTIVE', 226.0, 2306.0, '2017-03-18');
INSERT INTO account (account_id, customer_id, account_number, account_status, balance, credit_limit, open_date) VALUES (49, 49, '00000000049', 'ACTIVE', 100.0, 9048.0, '2019-04-06');
INSERT INTO account (account_id, customer_id, account_number, account_status, balance, credit_limit, open_date) VALUES (50, 50, '00000000050', 'ACTIVE', 492.0, 6169.0, '2011-04-22');
INSERT INTO card (account_id, card_number, card_type, expiration_date, cvv, card_status) VALUES (50, '0500024453765740', 'VISA', '2023-03-09', '747', 'ACTIVE');
INSERT INTO card (account_id, card_number, card_type, expiration_date, cvv, card_status) VALUES (27, '0683586198171516', 'VISA', '2025-07-13', '567', 'ACTIVE');
INSERT INTO card (account_id, card_number, card_type, expiration_date, cvv, card_status) VALUES (2, '0923877193247330', 'VISA', '2024-08-11', '028', 'ACTIVE');
INSERT INTO card (account_id, card_number, card_type, expiration_date, cvv, card_status) VALUES (20, '0927987108636232', 'VISA', '2024-03-13', '003', 'ACTIVE');
INSERT INTO card (account_id, card_number, card_type, expiration_date, cvv, card_status) VALUES (12, '0982496213629795', 'VISA', '2023-07-07', '075', 'ACTIVE');
INSERT INTO card (account_id, card_number, card_type, expiration_date, cvv, card_status) VALUES (44, '1014086565224350', 'VISA', '2024-01-17', '640', 'ACTIVE');
INSERT INTO card (account_id, card_number, card_type, expiration_date, cvv, card_status) VALUES (37, '1142167692878931', 'VISA', '2023-10-24', '625', 'ACTIVE');
INSERT INTO card (account_id, card_number, card_type, expiration_date, cvv, card_status) VALUES (35, '1561409106491600', 'VISA', '2025-09-23', '031', 'ACTIVE');
INSERT INTO card (account_id, card_number, card_type, expiration_date, cvv, card_status) VALUES (39, '2745303720002090', 'VISA', '2025-09-08', '033', 'ACTIVE');
INSERT INTO card (account_id, card_number, card_type, expiration_date, cvv, card_status) VALUES (24, '2760836797107565', 'VISA', '2025-02-11', '859', 'ACTIVE');
INSERT INTO card (account_id, card_number, card_type, expiration_date, cvv, card_status) VALUES (6, '2871968252812490', 'VISA', '2025-10-08', '775', 'ACTIVE');
INSERT INTO card (account_id, card_number, card_type, expiration_date, cvv, card_status) VALUES (22, '2940139362300449', 'VISA', '2025-12-28', '876', 'ACTIVE');
INSERT INTO card (account_id, card_number, card_type, expiration_date, cvv, card_status) VALUES (4, '2988091353094312', 'VISA', '2023-12-16', '795', 'ACTIVE');
INSERT INTO card (account_id, card_number, card_type, expiration_date, cvv, card_status) VALUES (10, '3260763612337560', 'VISA', '2023-01-27', '342', 'ACTIVE');
INSERT INTO card (account_id, card_number, card_type, expiration_date, cvv, card_status) VALUES (41, '3766281984155154', 'VISA', '2023-04-24', '622', 'ACTIVE');
INSERT INTO card (account_id, card_number, card_type, expiration_date, cvv, card_status) VALUES (19, '3940246016141489', 'VISA', '2025-07-23', '375', 'ACTIVE');
INSERT INTO card (account_id, card_number, card_type, expiration_date, cvv, card_status) VALUES (3, '3999169246375885', 'VISA', '2024-01-10', '317', 'ACTIVE');
INSERT INTO card (account_id, card_number, card_type, expiration_date, cvv, card_status) VALUES (13, '4011500891777367', 'VISA', '2024-08-04', '390', 'ACTIVE');
INSERT INTO card (account_id, card_number, card_type, expiration_date, cvv, card_status) VALUES (34, '4385271476627819', 'VISA', '2025-10-06', '709', 'ACTIVE');
INSERT INTO card (account_id, card_number, card_type, expiration_date, cvv, card_status) VALUES (36, '4534784102713951', 'VISA', '2024-12-23', '644', 'ACTIVE');
INSERT INTO card (account_id, card_number, card_type, expiration_date, cvv, card_status) VALUES (7, '4859452612877065', 'VISA', '2024-12-13', '321', 'ACTIVE');
INSERT INTO card (account_id, card_number, card_type, expiration_date, cvv, card_status) VALUES (21, '5407099850479866', 'VISA', '2023-01-06', '524', 'ACTIVE');
INSERT INTO card (account_id, card_number, card_type, expiration_date, cvv, card_status) VALUES (46, '5656830544981216', 'VISA', '2025-06-20', '196', 'ACTIVE');
INSERT INTO card (account_id, card_number, card_type, expiration_date, cvv, card_status) VALUES (18, '5671184478505844', 'VISA', '2023-09-10', '137', 'ACTIVE');
INSERT INTO card (account_id, card_number, card_type, expiration_date, cvv, card_status) VALUES (47, '5787351228879339', 'VISA', '2025-08-23', '067', 'ACTIVE');
INSERT INTO card (account_id, card_number, card_type, expiration_date, cvv, card_status) VALUES (42, '5975117516616077', 'VISA', '2025-09-19', '426', 'ACTIVE');
INSERT INTO card (account_id, card_number, card_type, expiration_date, cvv, card_status) VALUES (5, '6009619150674526', 'VISA', '2025-03-09', '021', 'ACTIVE');
INSERT INTO card (account_id, card_number, card_type, expiration_date, cvv, card_status) VALUES (15, '6349250331648509', 'VISA', '2025-06-09', '735', 'ACTIVE');
INSERT INTO card (account_id, card_number, card_type, expiration_date, cvv, card_status) VALUES (48, '6503535181795992', 'VISA', '2025-02-06', '413', 'ACTIVE');
INSERT INTO card (account_id, card_number, card_type, expiration_date, cvv, card_status) VALUES (30, '6509230362553816', 'VISA', '2024-06-27', '236', 'ACTIVE');
INSERT INTO card (account_id, card_number, card_type, expiration_date, cvv, card_status) VALUES (28, '6723000463207764', 'VISA', '2024-05-09', '486', 'ACTIVE');
INSERT INTO card (account_id, card_number, card_type, expiration_date, cvv, card_status) VALUES (16, '6727055190616014', 'VISA', '2024-01-25', '641', 'ACTIVE');
INSERT INTO card (account_id, card_number, card_type, expiration_date, cvv, card_status) VALUES (33, '6832676047698087', 'VISA', '2025-10-07', '983', 'ACTIVE');
INSERT INTO card (account_id, card_number, card_type, expiration_date, cvv, card_status) VALUES (31, '7026637615032277', 'VISA', '2025-06-08', '920', 'ACTIVE');
INSERT INTO card (account_id, card_number, card_type, expiration_date, cvv, card_status) VALUES (43, '7058267261837752', 'VISA', '2025-08-29', '401', 'ACTIVE');
INSERT INTO card (account_id, card_number, card_type, expiration_date, cvv, card_status) VALUES (32, '7094142751055551', 'VISA', '2025-05-19', '659', 'ACTIVE');
INSERT INTO card (account_id, card_number, card_type, expiration_date, cvv, card_status) VALUES (29, '7251508149188883', 'VISA', '2024-06-04', '717', 'ACTIVE');
INSERT INTO card (account_id, card_number, card_type, expiration_date, cvv, card_status) VALUES (45, '7379335634661142', 'VISA', '2025-07-09', '134', 'ACTIVE');
INSERT INTO card (account_id, card_number, card_type, expiration_date, cvv, card_status) VALUES (11, '7427684863423209', 'VISA', '2025-03-12', '892', 'ACTIVE');
INSERT INTO card (account_id, card_number, card_type, expiration_date, cvv, card_status) VALUES (38, '7443870988897530', 'VISA', '2023-07-23', '708', 'ACTIVE');
INSERT INTO card (account_id, card_number, card_type, expiration_date, cvv, card_status) VALUES (26, '8040580410348680', 'VISA', '2024-12-19', '971', 'ACTIVE');
INSERT INTO card (account_id, card_number, card_type, expiration_date, cvv, card_status) VALUES (23, '8112545834239735', 'VISA', '2025-03-18', '440', 'ACTIVE');
INSERT INTO card (account_id, card_number, card_type, expiration_date, cvv, card_status) VALUES (49, '8262593602473076', 'VISA', '2023-09-17', '457', 'ACTIVE');
INSERT INTO card (account_id, card_number, card_type, expiration_date, cvv, card_status) VALUES (14, '8517866958206008', 'VISA', '2025-12-11', '955', 'ACTIVE');
INSERT INTO card (account_id, card_number, card_type, expiration_date, cvv, card_status) VALUES (8, '8931369351894783', 'VISA', '2024-05-20', '230', 'ACTIVE');
INSERT INTO card (account_id, card_number, card_type, expiration_date, cvv, card_status) VALUES (25, '9056297931664011', 'VISA', '2025-07-10', '931', 'ACTIVE');
INSERT INTO card (account_id, card_number, card_type, expiration_date, cvv, card_status) VALUES (17, '9349107475869214', 'VISA', '2025-03-01', '218', 'ACTIVE');
INSERT INTO card (account_id, card_number, card_type, expiration_date, cvv, card_status) VALUES (9, '9501733721429893', 'VISA', '2024-12-27', '725', 'ACTIVE');
INSERT INTO card (account_id, card_number, card_type, expiration_date, cvv, card_status) VALUES (1, '9680294154603697', 'VISA', '2025-05-20', '045', 'ACTIVE');
INSERT INTO card (account_id, card_number, card_type, expiration_date, cvv, card_status) VALUES (40, '9805583408996588', 'VISA', '2023-10-27', '908', 'ACTIVE');

-- System Users
INSERT INTO app_user (user_id, password_hash, role) VALUES ('USER001', 'password', 'USER');
INSERT INTO app_user (user_id, password_hash, role) VALUES ('ADMIN001', 'admin', 'ADMIN');

COMMIT;
